entry_date,exit_date,entry,exit,direction,return
2024-12-03,2024-12-06,39958.59765625,39801.43359375,SELL,0.003933172626627893
2024-12-05,2024-12-06,40115.7578125,39801.43359375,BUY,-0.005
2024-12-06,2024-12-10,39801.43359375,40096.11328125,BUY,0.005
2024-12-09,2024-12-11,39919.3046875,40135.40234375,BUY,0.005
2024-12-10,2024-12-12,40096.11328125,40616.71484375,BUY,0.005
2024-12-11,2024-12-12,40135.40234375,40616.71484375,BUY,0.005
2024-12-12,2024-12-13,40616.71484375,40204.1640625,BUY,-0.005
2024-12-13,2024-12-18,40204.1640625,39870.19140625,BUY,-0.005
2024-12-16,2024-12-18,40184.515625,39870.19140625,BUY,-0.005
2024-12-17,2024-12-18,40135.40234375,39870.19140625,BUY,-0.005
2024-12-18,2024-12-19,39870.19140625,39536.22265625,BUY,-0.005
2024-12-19,2024-12-23,39536.22265625,39938.94921875,BUY,0.005
2024-12-20,2024-12-23,39447.81640625,39938.94921875,BUY,0.005
2024-12-24,2024-12-26,39830.90234375,40272.921875,SELL,-0.005
2024-12-25,2024-12-26,39880.015625,40272.921875,SELL,-0.005
2024-12-27,2024-12-30,41068.55859375,40734.5859375,BUY,-0.005
2024-12-30,2025-01-06,40734.5859375,40105.9375,BUY,-0.005
2025-01-06,2025-01-07,40105.9375,40852.45703125,BUY,0.005
2025-01-07,2025-01-09,40852.45703125,40430.08203125,BUY,-0.005
2025-01-08,2025-01-09,40803.34375,40430.08203125,BUY,-0.005
2025-01-09,2025-01-10,40430.08203125,40027.35546875,BUY,-0.005
2025-01-10,2025-01-14,40027.35546875,39241.54296875,BUY,-0.005
2025-01-14,2025-01-17,39241.54296875,39251.36328125,BUY,0.0002502529655324819
2025-01-15,2025-01-20,39212.07421875,39644.26953125,SELL,-0.005
2025-01-16,2025-01-20,39339.76953125,39644.26953125,SELL,-0.005
2025-01-17,2025-01-20,39251.36328125,39644.26953125,SELL,-0.005
2025-01-20,2025-01-22,39644.26953125,40390.79296875,SELL,-0.005
2025-01-21,2025-01-22,39791.609375,40390.79296875,SELL,-0.005
2025-01-22,2025-01-23,40390.79296875,40744.41015625,SELL,-0.005
2025-01-23,2025-01-27,40744.41015625,40361.32421875,SELL,0.005
2025-01-24,2025-01-27,40734.5859375,40361.32421875,BUY,-0.005
2025-01-27,2025-01-28,40361.32421875,39830.90234375,BUY,-0.005
2025-01-28,2025-01-29,39830.90234375,40213.984375,BUY,0.005
2025-01-29,2025-02-03,40213.984375,39280.83203125,BUY,-0.005
2025-01-30,2025-02-03,40302.390625,39280.83203125,BUY,-0.005
2025-01-31,2025-02-03,40390.79296875,39280.83203125,BUY,-0.005
2025-02-03,2025-02-04,39280.83203125,39546.04296875,SELL,-0.005
2025-02-04,2025-02-06,39546.04296875,39870.19140625,SELL,-0.005
2025-02-05,2025-02-06,39624.625,39870.19140625,SELL,-0.005
2025-02-06,2025-02-07,39870.19140625,39604.98046875,SELL,0.005
2025-02-07,2025-02-13,39604.98046875,40253.27734375,SELL,-0.005
2025-02-10,2025-02-13,39604.98046875,40253.27734375,SELL,-0.005
2025-02-12,2025-02-13,39742.49609375,40253.27734375,SELL,-0.005
2025-02-13,2025-02-14,40253.27734375,39929.12890625,SELL,0.005
2025-02-14,2025-02-19,39929.12890625,39968.41796875,SELL,-0.0009839699381433335
2025-02-17,2025-02-20,39948.7734375,39447.81640625,SELL,0.005
2025-02-20,2025-02-25,39447.81640625,39054.91015625,SELL,0.005
2025-02-21,2025-02-25,39575.51171875,39054.91015625,SELL,0.005
2025-02-25,2025-02-28,39054.91015625,37954.7734375,SELL,0.005
2025-02-26,2025-02-28,38897.75,37954.7734375,SELL,0.005
2025-02-27,2025-02-28,39054.91015625,37954.7734375,SELL,0.005
2025-02-28,2025-03-03,37954.7734375,38612.890625,SELL,-0.005
2025-03-03,2025-03-04,38612.890625,38092.2890625,SELL,0.005
2025-03-04,2025-03-06,38092.2890625,38514.6640625,SELL,-0.005
2025-03-05,2025-03-06,38190.515625,38514.6640625,SELL,-0.005
2025-03-06,2025-03-07,38514.6640625,37640.4453125,SELL,0.005
2025-03-07,2025-03-12,37640.4453125,37571.6875,SELL,0.0018267002935049295
2025-03-10,2025-03-11,37817.25390625,37561.8671875,SELL,0.005
2025-03-11,2025-03-14,37561.8671875,37866.3671875,SELL,-0.005
2025-03-12,2025-03-14,37571.6875,37866.3671875,SELL,-0.005
2025-03-13,2025-03-14,37561.8671875,37866.3671875,SELL,-0.005
2025-03-14,2025-03-17,37866.3671875,38170.87109375,SELL,-0.005
2025-03-17,2025-03-18,38170.87109375,38632.53515625,SELL,-0.005
2025-03-18,2025-03-24,38632.53515625,38416.4375,SELL,0.005
2025-03-19,2025-03-25,38563.77734375,38563.77734375,SELL,-0.0
2025-03-24,2025-03-26,38416.4375,38819.16796875,BUY,0.005
2025-03-25,2025-03-26,38563.77734375,38819.16796875,BUY,0.005
2025-03-26,2025-03-27,38819.16796875,38524.48828125,BUY,-0.005
2025-03-27,2025-03-28,38524.48828125,38151.2265625,BUY,-0.005
2025-03-28,2025-03-31,38151.2265625,36697.47265625,BUY,-0.005
2025-04-01,2025-04-03,36677.82421875,35783.96484375,SELL,0.005
2025-04-02,2025-04-03,36746.5859375,35783.96484375,SELL,0.005
2025-04-03,2025-04-04,35783.96484375,34811.51953125,SELL,0.005
2025-04-04,2025-04-07,34811.51953125,32070.99609375,SELL,0.005
2025-04-07,2025-04-08,32070.99609375,33937.3046875,SELL,-0.005
2025-04-08,2025-04-09,33937.3046875,33151.48828125,SELL,0.005
2025-04-09,2025-04-10,33151.48828125,35479.4609375,SELL,-0.005
2025-04-10,2025-04-11,35479.4609375,34595.421875,SELL,0.005
2025-04-11,2025-04-14,34595.421875,34998.15234375,SELL,-0.005
2025-04-14,2025-04-15,34998.15234375,35273.18359375,SELL,-0.005
2025-04-15,2025-04-16,35273.18359375,34870.45703125,SELL,0.005
2025-04-16,2025-04-17,34870.45703125,35341.9453125,SELL,-0.005
2025-04-17,2025-04-18,35341.9453125,35744.671875,SELL,-0.005
2025-04-18,2025-04-21,35744.671875,35263.36328125,SELL,0.005
2025-04-21,2025-04-23,35263.36328125,35872.3671875,SELL,-0.005
2025-04-22,2025-04-23,35224.0703125,35872.3671875,SELL,-0.005
2025-04-24,2025-04-25,36009.88671875,36736.76171875,BUY,0.005
2025-04-25,2025-04-30,36736.76171875,37060.91015625,BUY,0.005
2025-04-28,2025-04-30,36864.45703125,37060.91015625,BUY,0.005
2025-04-30,2025-05-01,37060.91015625,37512.75390625,BUY,0.005
2025-05-01,2025-05-02,37512.75390625,37866.3671875,BUY,0.005
2025-05-02,2025-05-08,37866.3671875,38102.11328125,BUY,0.005
2025-05-07,2025-05-08,37836.90234375,38102.11328125,BUY,0.005
2025-05-08,2025-05-09,38102.11328125,38534.30859375,BUY,0.005
2025-05-09,2025-05-12,38534.30859375,38760.23046875,BUY,0.005
2025-05-12,2025-05-13,38760.23046875,39300.4765625,BUY,0.005
2025-05-13,2025-05-15,39300.4765625,38887.92578125,BUY,-0.005
2025-05-14,2025-05-15,39241.54296875,38887.92578125,BUY,-0.005
2025-05-15,2025-05-19,38887.92578125,38573.6015625,BUY,-0.005
2025-05-16,2025-05-19,38848.63671875,38573.6015625,BUY,-0.005
2025-05-19,2025-05-22,38573.6015625,38062.8203125,BUY,-0.005
2025-05-20,2025-05-22,38583.421875,38062.8203125,BUY,-0.005
2025-05-21,2025-05-22,38396.79296875,38062.8203125,BUY,-0.005
2025-05-22,2025-05-26,38062.8203125,38622.71484375,BUY,0.005
2025-05-23,2025-05-26,38210.16015625,38622.71484375,BUY,0.005
2025-05-26,2025-05-27,38622.71484375,38858.45703125,BUY,0.005
2025-05-27,2025-05-29,38858.45703125,39546.04296875,BUY,0.005
2025-05-28,2025-05-29,38838.8125,39546.04296875,BUY,0.005
2025-05-29,2025-05-30,39546.04296875,39143.31640625,BUY,-0.005
2025-05-30,2025-06-02,39143.31640625,38553.953125,BUY,-0.005
2025-06-02,2025-06-04,38553.953125,38858.45703125,BUY,0.005
2025-06-03,2025-06-04,38563.77734375,38858.45703125,BUY,0.005
2025-06-04,2025-06-05,38858.45703125,38652.1796875,BUY,-0.005
2025-06-06,2025-06-09,38819.16796875,39202.25,SELL,-0.005
2025-06-10,2025-06-11,39290.65625,39516.57421875,BUY,0.005
2025-06-11,2025-06-12,39516.57421875,39251.36328125,BUY,-0.005
2025-06-12,2025-06-13,39251.36328125,38897.75,BUY,-0.005
2025-06-13,2025-06-16,38897.75,39428.171875,BUY,0.005
2025-06-16,2025-06-17,39428.171875,39663.9140625,BUY,0.005
2025-06-17,2025-06-18,39663.9140625,39978.2421875,BUY,0.005
2025-06-18,2025-06-19,39978.2421875,39624.625,BUY,-0.005
2025-06-19,2025-06-24,39624.625,39880.015625,BUY,0.005
2025-06-20,2025-06-24,39546.04296875,39880.015625,BUY,0.005
2025-06-23,2025-06-24,39467.4609375,39880.015625,BUY,0.005
2025-06-24,2025-06-26,39880.015625,40714.94140625,BUY,0.005
2025-06-25,2025-06-26,40056.82421875,40714.94140625,BUY,0.005
2025-06-26,2025-06-27,40714.94140625,41333.76953125,BUY,0.005
2025-06-27,2025-06-30,41333.76953125,41667.73828125,BUY,0.005
2025-06-30,2025-07-01,41667.73828125,41137.31640625,BUY,-0.005
2025-07-01,2025-07-02,41137.31640625,40921.21875,BUY,-0.005
2025-07-02,2025-07-07,40921.21875,40047.0,BUY,-0.005
2025-07-03,2025-07-07,40901.5703125,40047.0,BUY,-0.005
2025-07-04,2025-07-07,41009.62109375,40047.0,BUY,-0.005
2025-07-07,2025-07-08,40047.0,40930.0,BUY,0.005
2025-07-08,2025-07-11,40930.0,40780.0,BUY,-0.003664793549963352
2025-07-09,2025-07-11,41040.0,40780.0,BUY,-0.005
2025-07-10,2025-07-15,40880.0,40880.0,BUY,0.0
2025-07-11,2025-07-16,40780.0,40860.0,BUY,0.00196174595389897
2025-07-14,2025-07-17,40680.0,41120.0,BUY,0.005
2025-07-15,2025-07-17,40880.0,41120.0,BUY,0.005
2025-07-16,2025-07-17,40860.0,41120.0,BUY,0.005
2025-07-17,2025-07-23,41120.0,42490.0,BUY,0.005
2025-07-18,2025-07-23,41050.0,42490.0,BUY,0.005
2025-07-22,2025-07-23,40960.0,42490.0,BUY,0.005
2025-07-23,2025-07-24,42490.0,43120.0,BUY,0.005
2025-07-24,2025-07-25,43120.0,42690.0,BUY,-0.005
2025-07-25,2025-07-28,42690.0,42280.0,BUY,-0.005
2025-07-28,2025-07-29,42280.0,41890.0,BUY,-0.005
2025-07-29,2025-07-31,41890.0,42360.0,BUY,0.005
2025-07-30,2025-07-31,41860.0,42360.0,BUY,0.005
2025-07-31,2025-08-01,42360.0,42090.0,BUY,-0.005
2025-08-01,2025-08-04,42090.0,41550.0,BUY,-0.005
2025-08-04,2025-08-05,41550.0,41790.0,BUY,0.005
2025-08-05,2025-08-06,41790.0,42050.0,BUY,0.005
2025-08-06,2025-08-07,42050.0,42290.0,BUY,0.005
2025-08-07,2025-08-08,42290.0,43080.0,BUY,0.005
2025-08-08,2025-08-12,43080.0,44020.0,BUY,0.005
2025-08-12,2025-08-13,44020.0,44610.0,BUY,0.005
2025-08-13,2025-08-14,44610.0,43970.0,BUY,-0.005
2025-08-14,2025-08-15,43970.0,44690.0,BUY,0.005
2025-08-15,2025-08-18,44690.0,45050.0,BUY,0.005
2025-08-18,2025-08-20,45050.0,44180.0,BUY,-0.005
2025-08-19,2025-08-20,44860.0,44180.0,BUY,-0.005
2025-08-20,2025-08-21,44180.0,43950.0,BUY,-0.005
2025-08-21,2025-08-26,43950.0,43720.0,BUY,-0.005
2025-08-22,2025-08-27,43900.0,43850.0,BUY,-0.0011389521640091116
2025-08-25,2025-08-26,44100.0,43720.0,BUY,-0.005
2025-08-26,2025-08-28,43720.0,44160.0,BUY,0.005
2025-08-27,2025-08-28,43850.0,44160.0,BUY,0.005
2025-08-28,2025-09-01,44160.0,43480.0,BUY,-0.005
2025-08-29,2025-09-01,44080.0,43480.0,BUY,-0.005
2025-09-01,2025-09-03,43480.0,43210.0,BUY,-0.005
2025-09-02,2025-09-03,43620.0,43210.0,BUY,-0.005
2025-09-03,2025-09-04,43210.0,43910.0,SELL,-0.005
2025-09-04,2025-09-05,43910.0,44350.0,SELL,-0.005
2025-09-05,2025-09-08,44350.0,45010.0,SELL,-0.005
2025-09-08,2025-09-11,45010.0,45740.0,SELL,-0.005
2025-09-09,2025-09-10,44800.0,45190.0,BUY,0.005
2025-09-10,2025-09-11,45190.0,45740.0,BUY,0.005
2025-09-11,2025-09-12,45740.0,46120.0,BUY,0.005
2025-09-12,2025-09-18,46120.0,46740.0,BUY,0.005
2025-09-16,2025-09-18,46290.0,46740.0,BUY,0.005
2025-09-17,2025-09-18,46170.0,46740.0,BUY,0.005
2025-09-18,2025-09-19,46740.0,46390.0,BUY,-0.005
2025-09-19,2025-09-22,46390.0,46910.0,BUY,0.005
2025-09-22,2025-09-25,46910.0,47180.0,BUY,0.005
2025-09-24,2025-09-26,47070.0,46790.0,BUY,-0.005
2025-09-25,2025-09-26,47180.0,46790.0,BUY,-0.005
2025-09-26,2025-10-01,46790.0,46250.0,BUY,-0.005
2025-09-29,2025-10-01,46690.0,46250.0,BUY,-0.005
2025-09-30,2025-10-01,46630.0,46250.0,BUY,-0.005
2025-10-01,2025-10-02,46250.0,46660.0,BUY,0.005
2025-10-02,2025-10-03,46660.0,47500.0,BUY,0.005
2025-10-03,2025-10-06,47500.0,49820.0,BUY,0.005
2025-10-06,2025-10-08,49820.0,49560.0,BUY,-0.005
2025-10-07,2025-10-09,49760.0,50420.0,BUY,0.005
2025-10-08,2025-10-09,49560.0,50420.0,BUY,0.005
2025-10-09,2025-10-10,50420.0,49850.0,BUY,-0.005
2025-10-10,2025-10-14,49850.0,48600.0,BUY,-0.005
2025-10-14,2025-10-15,48600.0,49480.0,BUY,0.005
2025-10-15,2025-10-16,49480.0,50100.0,BUY,0.005
2025-10-16,2025-10-17,50100.0,49390.0,BUY,-0.005
2025-10-17,2025-10-20,49390.0,51010.0,BUY,0.005
2025-10-20,2025-10-23,51010.0,50460.0,BUY,-0.005
2025-10-21,2025-10-23,51140.0,50460.0,BUY,-0.005
2025-10-22,2025-10-23,51150.0,50460.0,BUY,-0.005
2025-10-23,2025-10-27,50460.0,52440.0,BUY,0.005
2025-10-27,2025-10-28,52440.0,52100.0,BUY,-0.005
2025-10-28,2025-10-29,52100.0,53310.0,BUY,0.005
2025-10-29,2025-10-31,53310.0,54390.0,BUY,0.005
2025-10-30,2025-10-31,53230.0,54390.0,BUY,0.005
2025-10-31,2025-11-04,54390.0,53540.0,BUY,-0.005
2025-11-04,2025-11-05,53540.0,52130.0,BUY,-0.005
