timestamp,symbol,decision,rating,entry_price,incoming_price,incoming_ts,screener_price,screener_symbol,screener_ts,time_diff_s
2025-11-06T13:15:00Z,JP225,STRONG_GO,,51200.0,,,,,,
2025-11-06T02:43:16.460017,JP225,STRONG_GO,,51200.0,,,,,,
2025-11-06T02:43:16.460564,NQ100,STRONG_GO,,16000.0,,,,,,
2025-11-06T02:43:16.460616,XAUUSD,STRONG_GO,,2000.0,,,,,,
2025-11-06T02:43:16.460727,GER40,STRONG_GO,,16500.0,,,,,,
2025-11-06T03:04:17.940102,JP225,STRONG_GO,,51200.0,,,,,,
2025-11-06T03:04:17.940799,JP225,STRONG_GO,,51200.0,,,,,,
2025-11-06T03:04:17.940866,JP225,STRONG_GO,,51200.0,,,,,,
2025-11-06T03:09:26.499971,JP225,STRONG_GO,,51200.0,,,,,,
2025-11-06T03:09:30.018525,JP225,STRONG_GO,,51200.0,,,,,,
2025-11-06T03:09:32.782178,JP225,STRONG_GO,,51200.0,,,,,,
2025-11-06T03:09:35.077633,JP225,STRONG_GO,,51200.0,,,,,,
2025-11-06T03:14:04.050748,JP225,STRONG_GO,,51200.0,,,,,,
2025-11-06T03:17:56.743419,JP225,STRONG_GO,,51200.0,,,,,,
2025-11-06T05:36:20.352949,JP225,STRONG_GO,,51200.0,,,,,,
2025-11-06T05:40:57.493154,JP225,STRONG_GO,,51200.0,,,,,,
2025-11-06T05:53:47.043661,JP225,STRONG_GO,,51200.0,,,,,,
2025-11-06T05:54:06.856521,JP225,STRONG_GO,,51200.0,,,,,,
2025-11-06T05:54:07.628520,JP225,STRONG_GO,,51200.0,,,,,,
2025-11-06T06:00:36.994711,JP225,STRONG_GO,,51200.0,,,,,,
2025-11-06T06:01:51.221314,JP225,STRONG_GO,,51200,,,,,,
2025-11-06T06:01:51.221980,NQ100,STRONG_GO,,17900,,,,,,
2025-11-06T06:01:51.222033,XAUUSD,STRONG_GO,,2375.5,,,,,,
2025-11-06T06:01:51.222074,XAGUSD,STRONG_GO,,28.42,,,,,,
2025-11-06T06:01:51.222116,NGAS,STRONG_GO,,3.02,,,,,,
2025-11-06T06:01:51.222187,GER40,STRONG_GO,,18450,,,,,,
2025-11-06T06:04:18.329778,JP225,STRONG_GO,,51200,,,,,,
2025-11-06T06:04:18.330362,NQ100,STRONG_GO,,17900,,,,,,
2025-11-06T06:04:18.330431,XAUUSD,STRONG_GO,,2375.5,,,,,,
2025-11-06T06:04:18.330479,XAGUSD,STRONG_GO,,28.42,,,,,,
2025-11-06T06:04:18.330526,NGAS,STRONG_GO,,3.02,,,,,,
2025-11-06T06:04:18.330569,GER40,STRONG_GO,,18450,,,,,,
2025-11-06T06:18:01.424018,JP225,STRONG_GO,6.3,51200,,,,,,
2025-11-06T06:20:59.656653,JP225,WAIT,2.7,51200.0,,,,,,
2025-11-06T08:12:28.131960,JP225,WAIT,2.7,51200.0,,,,,,
2025-11-06T08:16:22.068337,JP225,GO,4.8,51200,,,,,,
2025-11-06T08:16:23.710529,NQ100,GO,4.8,17900,,,,,,
2025-11-06T08:16:24.775921,XAUUSD,GO,4.8,2375.5,,,,,,
2025-11-06T08:16:26.370262,XAGUSD,GO,4.8,28.42,,,,,,
2025-11-06T08:16:27.530344,NGAS,GO,4.8,3.02,,,,,,
2025-11-06T08:16:28.601362,GER40,GO,4.8,18450,,,,,,
2025-11-06T08:25:46.484134,JP225,GO,4.8,51200,,,,,,
2025-11-06T08:25:47.572080,NQ100,GO,4.8,17900,,,,,,
2025-11-06T08:25:48.672187,XAUUSD,GO,4.8,2375.5,,,,,,
2025-11-06T08:25:49.816621,XAGUSD,GO,4.8,28.42,,,,,,
2025-11-06T08:25:50.865615,NGAS,GO,4.8,3.02,,,,,,
2025-11-06T08:25:52.236647,GER40,GO,4.8,18450,,,,,,
2025-11-06T11:56:00.841228,JP225,WAIT,2.25,51200.0,,,50857.76171875,^N225,,
2025-11-06T12:15:30.414712,JP225,WAIT,2.25,51200.0,,,50857.76171875,^N225,,
2025-11-06T12:27:54.016435,JP225,WAIT,2.25,51200.0,,,50857.76171875,^N225,,
2025-11-06T12:27:59.131629,XAUUSD,WAIT,0.75,2375.5,,,4022.699951171875,GC=F,,
2025-11-06T12:28:03.065186,XAGUSD,WAIT,2.25,28.42,,,48.5,SI=F,,
2025-11-06T12:28:07.421558,NGAS,WAIT,2.25,3.02,,,4.295000076293945,NG=F,,
2025-11-06T12:28:12.247779,GER40,WAIT,2.25,18450.0,,,24016.189453125,^GDAXI,,
2025-11-06T13:13:36.203510,JP225,WAIT,2.25,51200.0,,,50857.76171875,^N225,,
2025-11-06T13:13:39.973453,NQ100,WAIT,2.25,17900.0,,,25619.515625,^NDX,,
2025-11-06T13:13:44.234706,XAUUSD,WAIT,2.25,2375.5,,,4014.5,GC=F,,
2025-11-06T13:13:48.469733,XAGUSD,WAIT,2.25,28.42,,,48.349998474121094,SI=F,,
2025-11-06T13:13:54.682112,NGAS,WAIT,2.25,3.02,,,4.324999809265137,NG=F,,
2025-11-06T13:13:58.084282,JP225,WAIT,2.25,51200.0,,,50857.76171875,^N225,,
2025-11-06T13:13:58.178328,GER40,WAIT,2.25,18450.0,,,24007.140625,^GDAXI,,
2025-11-06T13:14:00.418453,NQ100,WAIT,2.25,17900.0,,,25619.515625,^NDX,,
2025-11-06T13:14:03.579794,XAUUSD,WAIT,2.25,2375.5,,,4014.0,GC=F,,
2025-11-06T13:14:06.251468,XAGUSD,WAIT,2.25,28.42,,,48.35499954223633,SI=F,,
2025-11-06T13:14:08.474803,NGAS,WAIT,2.25,3.02,,,4.323999881744385,NG=F,,
2025-11-06T13:14:11.137463,GER40,WAIT,2.25,18450.0,,,24005.439453125,^GDAXI,,
2025-11-06T13:31:05.211206,JP225,GO,4.35,51200.0,,,50857.76171875,^N225,,
2025-11-06T13:31:07.774074,NQ100,GO,4.35,17900.0,,,25619.515625,^NDX,,
2025-11-06T13:31:10.455471,XAUUSD,GO,4.35,2375.5,,,4021.800048828125,GC=F,,
2025-11-06T13:31:13.225459,XAGUSD,GO,4.35,28.42,,,48.415000915527344,SI=F,,
2025-11-06T13:31:14.721550,JP225,GO,4.35,51200.0,,,50857.76171875,^N225,,
2025-11-06T13:31:15.973395,NGAS,GO,4.35,3.02,,,4.297999858856201,NG=F,,
2025-11-06T13:31:18.040867,NQ100,GO,4.35,17900.0,,,25619.515625,^NDX,,
2025-11-06T13:31:19.113867,GER40,GO,4.35,18450.0,,,24018.140625,^GDAXI,,
2025-11-06T13:31:21.657818,XAUUSD,GO,4.35,2375.5,,,4022.800048828125,GC=F,,
2025-11-06T13:31:24.996645,XAGUSD,GO,4.35,28.42,,,48.41999816894531,SI=F,,
2025-11-06T13:31:28.422221,NGAS,GO,4.35,3.02,,,4.297999858856201,NG=F,,
2025-11-06T13:31:31.639903,GER40,GO,4.35,18450.0,,,24012.0703125,^GDAXI,,
2025-11-06T13:47:24.254441,JP225,GO,4.35,51200.0,,,50857.76171875,^N225,,
2025-11-06T13:47:24.255396,JP225,GO,4.35,51200.0,,,50857.76171875,^N225,,
2025-11-06T13:49:19.149236,JP225,GO,4.35,51200.0,,,50857.76171875,^N225,,
2025-11-06T13:49:19.381970,JP225,GO,4.35,51200.0,,,50857.76171875,^N225,,
2025-11-06T14:15:22.676563+00:00,JP225,WAIT,0.75,51200.0,,,,,,
