timestamp,symbol,decision,entry_price,take_profit,stop_loss,rating,rsi,recommend,raw,yf_sym,hist_rows,daily_rows,hist_empty,daily_empty,nearest_diff_seconds,hist_available,ret_24h,ret_1h,ret_6h
2025-11-06 13:15:00+00:00,JP225,STRONG_GO,51200.0,52400.0,50500.0,,,,"{'symbol': 'JP225', 'decision': 'STRONG_GO', 'entry_price': 51200.0, 'take_profit': 52400.0, 'stop_loss': 50500.0, 'timestamp': '2025-11-06T13:15:00Z'}",^N225,21,,False,,26100.0,False,,,
2025-11-06 02:43:16.460017,JP225,STRONG_GO,51200.0,52400.0,50500.0,,,,"{'symbol': 'JP225', 'decision': 'STRONG_GO', 'entry_price': 51200.0, 'take_profit': 52400.0, 'stop_loss': 50500.0, 'timestamp': '2025-11-06T02:43:16.460017'}",^N225,21,,False,,,False,,,
2025-11-06 02:43:16.460564,NQ100,STRONG_GO,16000.0,17200.0,15300.0,,,,"{'symbol': 'NQ100', 'decision': 'STRONG_GO', 'entry_price': 16000.0, 'take_profit': 17200.0, 'stop_loss': 15300.0, 'timestamp': '2025-11-06T02:43:16.460564'}",^NDX,21,,False,,22396.460564,False,,,
2025-11-06 02:43:16.460616,XAUUSD,STRONG_GO,2000.0,3200.0,1300.0,,,,"{'symbol': 'XAUUSD', 'decision': 'STRONG_GO', 'entry_price': 2000.0, 'take_profit': 3200.0, 'stop_loss': 1300.0, 'timestamp': '2025-11-06T02:43:16.460616'}",GC=F,54,,False,,,False,,,
2025-11-06 02:43:16.460727,GER40,STRONG_GO,16500.0,17700.0,15800.0,,,,"{'symbol': 'GER40', 'decision': 'STRONG_GO', 'entry_price': 16500.0, 'take_profit': 17700.0, 'stop_loss': 15800.0, 'timestamp': '2025-11-06T02:43:16.460727'}",^GDAXI,23,,False,,19003.539273,False,,,
2025-11-06 03:04:17.940102,JP225,STRONG_GO,51200.0,52378.0,50688.0,,,,"{'timestamp': '2025-11-06T03:04:17.940102', 'symbol': 'JP225', 'decision': 'STRONG_GO', 'entry_price': 51200.0, 'take_profit': 52378.0, 'stop_loss': 50688.0}",^N225,21,,False,,,False,,,
2025-11-06 03:04:17.940799,JP225,STRONG_GO,51200.0,52378.0,50688.0,,,,"{'timestamp': '2025-11-06T03:04:17.940799', 'symbol': 'JP225', 'decision': 'STRONG_GO', 'entry_price': 51200.0, 'take_profit': 52378.0, 'stop_loss': 50688.0}",^N225,21,,False,,,False,,,
2025-11-06 03:04:17.940866,JP225,STRONG_GO,51200.0,52378.0,50688.0,,,,"{'timestamp': '2025-11-06T03:04:17.940866', 'symbol': 'JP225', 'decision': 'STRONG_GO', 'entry_price': 51200.0, 'take_profit': 52378.0, 'stop_loss': 50688.0}",^N225,21,,False,,,False,,,
2025-11-06 03:09:26.499971,JP225,STRONG_GO,51200.0,52378.0,50688.0,,,,"{'timestamp': '2025-11-06T03:09:26.499971', 'symbol': 'JP225', 'decision': 'STRONG_GO', 'entry_price': 51200.0, 'take_profit': 52378.0, 'stop_loss': 50688.0}",^N225,21,,False,,,False,,,
2025-11-06 03:09:30.018525,JP225,STRONG_GO,51200.0,52378.0,50688.0,,,,"{'timestamp': '2025-11-06T03:09:30.018525', 'symbol': 'JP225', 'decision': 'STRONG_GO', 'entry_price': 51200.0, 'take_profit': 52378.0, 'stop_loss': 50688.0}",^N225,21,,False,,,False,,,
2025-11-06 03:09:32.782178,JP225,STRONG_GO,51200.0,52378.0,50688.0,,,,"{'timestamp': '2025-11-06T03:09:32.782178', 'symbol': 'JP225', 'decision': 'STRONG_GO', 'entry_price': 51200.0, 'take_profit': 52378.0, 'stop_loss': 50688.0}",^N225,21,,False,,,False,,,
2025-11-06 03:09:35.077633,JP225,STRONG_GO,51200.0,52378.0,50688.0,,,,"{'timestamp': '2025-11-06T03:09:35.077633', 'symbol': 'JP225', 'decision': 'STRONG_GO', 'entry_price': 51200.0, 'take_profit': 52378.0, 'stop_loss': 50688.0}",^N225,21,,False,,,False,,,
2025-11-06 03:14:04.050748,JP225,STRONG_GO,51200.0,52378.0,50688.0,,,,"{'timestamp': '2025-11-06T03:14:04.050748', 'symbol': 'JP225', 'decision': 'STRONG_GO', 'entry_price': 51200.0, 'take_profit': 52378.0, 'stop_loss': 50688.0}",^N225,21,,False,,,False,,,
2025-11-06 03:17:56.743419,JP225,STRONG_GO,51200.0,52378.0,50688.0,,,,"{'timestamp': '2025-11-06T03:17:56.743419', 'symbol': 'JP225', 'decision': 'STRONG_GO', 'entry_price': 51200.0, 'take_profit': 52378.0, 'stop_loss': 50688.0}",^N225,21,,False,,,False,,,
2025-11-06 05:36:20.352949,JP225,STRONG_GO,51200.0,52378.0,50688.0,,,,"{'timestamp': '2025-11-06T05:36:20.352949', 'symbol': 'JP225', 'decision': 'STRONG_GO', 'entry_price': 51200.0, 'take_profit': 52378.0, 'stop_loss': 50688.0}",^N225,21,,False,,,False,,,
2025-11-06 05:40:57.493154,JP225,STRONG_GO,51200.0,52378.0,50688.0,,,,"{'timestamp': '2025-11-06T05:40:57.493154', 'symbol': 'JP225', 'decision': 'STRONG_GO', 'entry_price': 51200.0, 'take_profit': 52378.0, 'stop_loss': 50688.0}",^N225,21,,False,,,False,,,
2025-11-06 05:53:47.043661,JP225,STRONG_GO,51200.0,52378.0,50688.0,,,,"{'timestamp': '2025-11-06T05:53:47.043661', 'symbol': 'JP225', 'decision': 'STRONG_GO', 'entry_price': 51200.0, 'take_profit': 52378.0, 'stop_loss': 50688.0}",^N225,21,,False,,,False,,,
2025-11-06 05:54:06.856521,JP225,STRONG_GO,51200.0,52378.0,50688.0,,,,"{'timestamp': '2025-11-06T05:54:06.856521', 'symbol': 'JP225', 'decision': 'STRONG_GO', 'entry_price': 51200.0, 'take_profit': 52378.0, 'stop_loss': 50688.0}",^N225,21,,False,,,False,,,
2025-11-06 05:54:07.628520,JP225,STRONG_GO,51200.0,52378.0,50688.0,,,,"{'timestamp': '2025-11-06T05:54:07.628520', 'symbol': 'JP225', 'decision': 'STRONG_GO', 'entry_price': 51200.0, 'take_profit': 52378.0, 'stop_loss': 50688.0}",^N225,21,,False,,,False,,,
2025-11-06 06:00:36.994711,JP225,STRONG_GO,51200.0,52378.0,50688.0,,,,"{'timestamp': '2025-11-06T06:00:36.994711', 'symbol': 'JP225', 'decision': 'STRONG_GO', 'entry_price': 51200.0, 'take_profit': 52378.0, 'stop_loss': 50688.0}",^N225,21,,False,,,False,,,
2025-11-06 06:01:51.221314,JP225,STRONG_GO,51200.0,52378.0,50688.0,,,,"{'timestamp': '2025-11-06T06:01:51.221314', 'symbol': 'JP225', 'decision': 'STRONG_GO', 'entry_price': 51200, 'take_profit': 52378.0, 'stop_loss': 50688.0}",^N225,21,,False,,,False,,,
2025-11-06 06:01:51.221980,NQ100,STRONG_GO,17900.0,18258.0,17721.0,,,,"{'timestamp': '2025-11-06T06:01:51.221980', 'symbol': 'NQ100', 'decision': 'STRONG_GO', 'entry_price': 17900, 'take_profit': 18258.0, 'stop_loss': 17721.0}",^NDX,21,,False,,34311.22198,False,,,
2025-11-06 06:01:51.222033,XAUUSD,STRONG_GO,2375.5,2411.13,2356.5,,,,"{'timestamp': '2025-11-06T06:01:51.222033', 'symbol': 'XAUUSD', 'decision': 'STRONG_GO', 'entry_price': 2375.5, 'take_profit': 2411.13, 'stop_loss': 2356.5}",GC=F,54,,False,,,False,,,
2025-11-06 06:01:51.222074,XAGUSD,STRONG_GO,28.42,29.13,28.08,,,,"{'timestamp': '2025-11-06T06:01:51.222074', 'symbol': 'XAGUSD', 'decision': 'STRONG_GO', 'entry_price': 28.42, 'take_profit': 29.13, 'stop_loss': 28.08}",SI=F,54,,False,,,False,,,
2025-11-06 06:01:51.222116,NGAS,STRONG_GO,3.02,3.111,2.975,,,,"{'timestamp': '2025-11-06T06:01:51.222116', 'symbol': 'NGAS', 'decision': 'STRONG_GO', 'entry_price': 3.02, 'take_profit': 3.111, 'stop_loss': 2.975}",NG=F,54,,False,,,False,,,
2025-11-06 06:01:51.222187,GER40,STRONG_GO,18450.0,18782.0,18284.0,,,,"{'timestamp': '2025-11-06T06:01:51.222187', 'symbol': 'GER40', 'decision': 'STRONG_GO', 'entry_price': 18450, 'take_profit': 18782.0, 'stop_loss': 18284.0}",^GDAXI,23,,False,,,False,,,
2025-11-06 06:04:18.329778,JP225,STRONG_GO,51200.0,52378.0,50688.0,,,,"{'timestamp': '2025-11-06T06:04:18.329778', 'symbol': 'JP225', 'decision': 'STRONG_GO', 'entry_price': 51200, 'take_profit': 52378.0, 'stop_loss': 50688.0}",^N225,21,,False,,,False,,,
2025-11-06 06:04:18.330362,NQ100,STRONG_GO,17900.0,18258.0,17721.0,,,,"{'timestamp': '2025-11-06T06:04:18.330362', 'symbol': 'NQ100', 'decision': 'STRONG_GO', 'entry_price': 17900, 'take_profit': 18258.0, 'stop_loss': 17721.0}",^NDX,21,,False,,34458.330362,False,,,
2025-11-06 06:04:18.330431,XAUUSD,STRONG_GO,2375.5,2411.13,2356.5,,,,"{'timestamp': '2025-11-06T06:04:18.330431', 'symbol': 'XAUUSD', 'decision': 'STRONG_GO', 'entry_price': 2375.5, 'take_profit': 2411.13, 'stop_loss': 2356.5}",GC=F,54,,False,,,False,,,
2025-11-06 06:04:18.330479,XAGUSD,STRONG_GO,28.42,29.13,28.08,,,,"{'timestamp': '2025-11-06T06:04:18.330479', 'symbol': 'XAGUSD', 'decision': 'STRONG_GO', 'entry_price': 28.42, 'take_profit': 29.13, 'stop_loss': 28.08}",SI=F,54,,False,,,False,,,
2025-11-06 06:04:18.330526,NGAS,STRONG_GO,3.02,3.111,2.975,,,,"{'timestamp': '2025-11-06T06:04:18.330526', 'symbol': 'NGAS', 'decision': 'STRONG_GO', 'entry_price': 3.02, 'take_profit': 3.111, 'stop_loss': 2.975}",NG=F,54,,False,,,False,,,
2025-11-06 06:04:18.330569,GER40,STRONG_GO,18450.0,18782.0,18284.0,,,,"{'timestamp': '2025-11-06T06:04:18.330569', 'symbol': 'GER40', 'decision': 'STRONG_GO', 'entry_price': 18450, 'take_profit': 18782.0, 'stop_loss': 18284.0}",^GDAXI,23,,False,,,False,,,
2025-11-06 06:18:01.424018,JP225,STRONG_GO,51200.0,52378.0,50688.0,6.3,,,"{'timestamp': '2025-11-06T06:18:01.424018', 'symbol': 'JP225', 'decision': 'STRONG_GO', 'entry_price': 51200, 'take_profit': 52378.0, 'stop_loss': 50688.0, 'rating': 6.3, 'news_refs': ['日銀が利下げ示唆', 'FOMC議事要旨']}",^N225,21,,False,,,False,,,
2025-11-06 06:20:59.656653,JP225,WAIT,51200.0,52378.0,50688.0,2.7,,,"{'timestamp': '2025-11-06T06:20:59.656653', 'symbol': 'JP225', 'decision': 'WAIT', 'entry_price': 51200.0, 'take_profit': 52378.0, 'stop_loss': 50688.0, 'rating': 2.7, 'news_refs': ['首相「デフレ脱却悲願」、安倍氏「2％インフレ目標で円高是正」 - Reuters', ""In the Wake of Another Rate Cut, Atlanta Fed's Bostic Addresses FOMC's Move - Federal Reserve Bank of Atlanta""], 'tech_score': 3.0}",^N225,21,,False,,,False,,,
2025-11-06 08:12:28.131960,JP225,WAIT,51200.0,52378.0,50688.0,2.7,,,"{'timestamp': '2025-11-06T08:12:28.131960', 'symbol': 'JP225', 'decision': 'WAIT', 'entry_price': 51200.0, 'take_profit': 52378.0, 'stop_loss': 50688.0, 'rating': 2.7, 'news_refs': ['首相「デフレ脱却悲願」、安倍氏「2％インフレ目標で円高是正」 - Reuters', ""In the Wake of Another Rate Cut, Atlanta Fed's Bostic Addresses FOMC's Move - Federal Reserve Bank of Atlanta""], 'tech_score': 3.0}",^N225,21,,False,,7948.13196,False,,,
2025-11-06 08:16:22.068337,JP225,GO,51200.0,52378.0,50688.0,4.8,,,"{'timestamp': '2025-11-06T08:16:22.068337', 'symbol': 'JP225', 'decision': 'GO', 'entry_price': 51200, 'take_profit': 52378.0, 'stop_loss': 50688.0, 'rating': 4.8, 'news_refs': ['首相「デフレ脱却悲願」、安倍氏「2％インフレ目標で円高是正」 - Reuters', ""In the Wake of Another Rate Cut, Atlanta Fed's Bostic Addresses FOMC's Move - Federal Reserve Bank of Atlanta""], 'tech_score': 6.0}",^N225,21,,False,,8182.068337,False,,,
2025-11-06 08:16:23.710529,NQ100,GO,17900.0,18258.0,17721.0,4.8,,,"{'timestamp': '2025-11-06T08:16:23.710529', 'symbol': 'NQ100', 'decision': 'GO', 'entry_price': 17900, 'take_profit': 18258.0, 'stop_loss': 17721.0, 'rating': 4.8, 'news_refs': ['首相「デフレ脱却悲願」、安倍氏「2％インフレ目標で円高是正」 - Reuters', ""In the Wake of Another Rate Cut, Atlanta Fed's Bostic Addresses FOMC's Move - Federal Reserve Bank of Atlanta""], 'tech_score': 6.0}",^NDX,21,,False,,42383.710529,False,,,
2025-11-06 08:16:24.775921,XAUUSD,GO,2375.5,2411.13,2356.5,4.8,,,"{'timestamp': '2025-11-06T08:16:24.775921', 'symbol': 'XAUUSD', 'decision': 'GO', 'entry_price': 2375.5, 'take_profit': 2411.13, 'stop_loss': 2356.5, 'rating': 4.8, 'news_refs': ['首相「デフレ脱却悲願」、安倍氏「2％インフレ目標で円高是正」 - Reuters', ""In the Wake of Another Rate Cut, Atlanta Fed's Bostic Addresses FOMC's Move - Federal Reserve Bank of Atlanta""], 'tech_score': 6.0}",GC=F,54,,False,,,False,,,
2025-11-06 08:16:26.370262,XAGUSD,GO,28.42,29.13,28.08,4.8,,,"{'timestamp': '2025-11-06T08:16:26.370262', 'symbol': 'XAGUSD', 'decision': 'GO', 'entry_price': 28.42, 'take_profit': 29.13, 'stop_loss': 28.08, 'rating': 4.8, 'news_refs': ['首相「デフレ脱却悲願」、安倍氏「2％インフレ目標で円高是正」 - Reuters', ""In the Wake of Another Rate Cut, Atlanta Fed's Bostic Addresses FOMC's Move - Federal Reserve Bank of Atlanta""], 'tech_score': 6.0}",SI=F,54,,False,,,False,,,
2025-11-06 08:16:27.530344,NGAS,GO,3.02,3.111,2.975,4.8,,,"{'timestamp': '2025-11-06T08:16:27.530344', 'symbol': 'NGAS', 'decision': 'GO', 'entry_price': 3.02, 'take_profit': 3.111, 'stop_loss': 2.975, 'rating': 4.8, 'news_refs': ['首相「デフレ脱却悲願」、安倍氏「2％インフレ目標で円高是正」 - Reuters', ""In the Wake of Another Rate Cut, Atlanta Fed's Bostic Addresses FOMC's Move - Federal Reserve Bank of Atlanta""], 'tech_score': 6.0}",NG=F,54,,False,,,False,,,
2025-11-06 08:16:28.601362,GER40,GO,18450.0,18782.0,18284.0,4.8,,,"{'timestamp': '2025-11-06T08:16:28.601362', 'symbol': 'GER40', 'decision': 'GO', 'entry_price': 18450, 'take_profit': 18782.0, 'stop_loss': 18284.0, 'rating': 4.8, 'news_refs': ['首相「デフレ脱却悲願」、安倍氏「2％インフレ目標で円高是正」 - Reuters', ""In the Wake of Another Rate Cut, Atlanta Fed's Bostic Addresses FOMC's Move - Federal Reserve Bank of Atlanta""], 'tech_score': 6.0}",^GDAXI,23,,False,,,False,,,
2025-11-06 08:25:46.484134,JP225,GO,51200.0,52378.0,50688.0,4.8,,,"{'timestamp': '2025-11-06T08:25:46.484134', 'symbol': 'JP225', 'decision': 'GO', 'entry_price': 51200, 'take_profit': 52378.0, 'stop_loss': 50688.0, 'rating': 4.8, 'news_refs': ['首相「デフレ脱却悲願」、安倍氏「2％インフレ目標で円高是正」 - Reuters', ""In the Wake of Another Rate Cut, Atlanta Fed's Bostic Addresses FOMC's Move - Federal Reserve Bank of Atlanta""], 'tech_score': 6.0}",^N225,21,,False,,8746.484134,False,,,
2025-11-06 08:25:47.572080,NQ100,GO,17900.0,18258.0,17721.0,4.8,,,"{'timestamp': '2025-11-06T08:25:47.572080', 'symbol': 'NQ100', 'decision': 'GO', 'entry_price': 17900, 'take_profit': 18258.0, 'stop_loss': 17721.0, 'rating': 4.8, 'news_refs': ['首相「デフレ脱却悲願」、安倍氏「2％インフレ目標で円高是正」 - Reuters', ""In the Wake of Another Rate Cut, Atlanta Fed's Bostic Addresses FOMC's Move - Federal Reserve Bank of Atlanta""], 'tech_score': 6.0}",^NDX,21,,False,,42947.57208,False,,,
2025-11-06 08:25:48.672187,XAUUSD,GO,2375.5,2411.13,2356.5,4.8,,,"{'timestamp': '2025-11-06T08:25:48.672187', 'symbol': 'XAUUSD', 'decision': 'GO', 'entry_price': 2375.5, 'take_profit': 2411.13, 'stop_loss': 2356.5, 'rating': 4.8, 'news_refs': ['首相「デフレ脱却悲願」、安倍氏「2％インフレ目標で円高是正」 - Reuters', ""In the Wake of Another Rate Cut, Atlanta Fed's Bostic Addresses FOMC's Move - Federal Reserve Bank of Atlanta""], 'tech_score': 6.0}",GC=F,54,,False,,,False,,,
2025-11-06 08:25:49.816621,XAGUSD,GO,28.42,29.13,28.08,4.8,,,"{'timestamp': '2025-11-06T08:25:49.816621', 'symbol': 'XAGUSD', 'decision': 'GO', 'entry_price': 28.42, 'take_profit': 29.13, 'stop_loss': 28.08, 'rating': 4.8, 'news_refs': ['首相「デフレ脱却悲願」、安倍氏「2％インフレ目標で円高是正」 - Reuters', ""In the Wake of Another Rate Cut, Atlanta Fed's Bostic Addresses FOMC's Move - Federal Reserve Bank of Atlanta""], 'tech_score': 6.0}",SI=F,54,,False,,,False,,,
2025-11-06 08:25:50.865615,NGAS,GO,3.02,3.111,2.975,4.8,,,"{'timestamp': '2025-11-06T08:25:50.865615', 'symbol': 'NGAS', 'decision': 'GO', 'entry_price': 3.02, 'take_profit': 3.111, 'stop_loss': 2.975, 'rating': 4.8, 'news_refs': ['首相「デフレ脱却悲願」、安倍氏「2％インフレ目標で円高是正」 - Reuters', ""In the Wake of Another Rate Cut, Atlanta Fed's Bostic Addresses FOMC's Move - Federal Reserve Bank of Atlanta""], 'tech_score': 6.0}",NG=F,54,,False,,,False,,,
2025-11-06 08:25:52.236647,GER40,GO,18450.0,18782.0,18284.0,4.8,,,"{'timestamp': '2025-11-06T08:25:52.236647', 'symbol': 'GER40', 'decision': 'GO', 'entry_price': 18450, 'take_profit': 18782.0, 'stop_loss': 18284.0, 'rating': 4.8, 'news_refs': ['首相「デフレ脱却悲願」、安倍氏「2％インフレ目標で円高是正」 - Reuters', ""In the Wake of Another Rate Cut, Atlanta Fed's Bostic Addresses FOMC's Move - Federal Reserve Bank of Atlanta""], 'tech_score': 6.0}",^GDAXI,23,,False,,,False,,,
2025-11-06 11:56:00.841228,JP225,WAIT,51200.0,52378.0,50688.0,2.25,68.43,NEUTRAL,"{'timestamp': '2025-11-06T11:56:00.841228', 'symbol': 'JP225', 'decision': 'WAIT', 'entry_price': 51200.0, 'take_profit': 52378.0, 'stop_loss': 50688.0, 'side': 'HOLD', 'qty': 1, 'rating': 2.25, 'news_refs': ['首相「デフレ脱却悲願」、安倍氏「2％インフレ目標で円高是正」 - Reuters'], 'tech_score': 3.0, 'screener': {'source': 'yfinance', 'price': 50857.76171875, 'SMA25': 50399.71, 'SMA75': 51210.59, 'RSI': 68.43, 'MACD': -15.92, 'MACD_signal': -113.68, 'Recommend': 'NEUTRAL', 'symbol_used': '^N225', 'used_symbol': 'JP225', 'exchange': 'yfinance', 'screener': 'yfinance'}}",^N225,21,,False,,21360.841228,False,,,
2025-11-06 12:15:30.414712,JP225,WAIT,51200.0,52378.0,50688.0,2.25,68.43,NEUTRAL,"{'timestamp': '2025-11-06T12:15:30.414712', 'symbol': 'JP225', 'decision': 'WAIT', 'entry_price': 51200.0, 'take_profit': 52378.0, 'stop_loss': 50688.0, 'side': 'HOLD', 'qty': 1, 'rating': 2.25, 'rating_adjustment': 0.0, 'news_refs': ['首相「デフレ脱却悲願」、安倍氏「2％インフレ目標で円高是正」 - Reuters'], 'tech_score': 3.0, 'screener': {'source': 'yfinance', 'price': 50857.76171875, 'SMA25': 50399.71, 'SMA75': 51210.59, 'RSI': 68.43, 'MACD': -15.92, 'MACD_signal': -113.68, 'Recommend': 'NEUTRAL', 'symbol_used': '^N225', 'used_symbol': 'JP225', 'exchange': 'yfinance', 'screener': 'yfinance'}}",^N225,21,,False,,22530.414712,False,,,
2025-11-06 12:27:54.016435,JP225,WAIT,51200.0,52378.0,50688.0,2.25,68.43,NEUTRAL,"{'timestamp': '2025-11-06T12:27:54.016435', 'symbol': 'JP225', 'decision': 'WAIT', 'entry_price': 51200.0, 'take_profit': 52378.0, 'stop_loss': 50688.0, 'side': 'HOLD', 'qty': 1, 'rating': 2.25, 'rating_adjustment': 0.0, 'news_refs': ['首相「デフレ脱却悲願」、安倍氏「2％インフレ目標で円高是正」 - Reuters'], 'tech_score': 3.0, 'screener': {'source': 'yfinance', 'price': 50857.76171875, 'SMA25': 50399.71, 'SMA75': 51210.59, 'RSI': 68.43, 'MACD': -15.92, 'MACD_signal': -113.68, 'Recommend': 'NEUTRAL', 'symbol_used': '^N225', 'used_symbol': 'JP225', 'exchange': 'yfinance', 'screener': 'yfinance'}}",^N225,21,,False,,23274.016435,False,,,
2025-11-06 12:27:59.131629,XAUUSD,WAIT,2375.5,2411.13,2356.5,0.75,70.24,STRONG_SELL,"{'timestamp': '2025-11-06T12:27:59.131629', 'symbol': 'XAUUSD', 'decision': 'WAIT', 'entry_price': 2375.5, 'take_profit': 2411.13, 'stop_loss': 2356.5, 'side': 'HOLD', 'qty': 1, 'rating': 0.75, 'rating_adjustment': -1.5, 'news_refs': ['首相「デフレ脱却悲願」、安倍氏「2％インフレ目標で円高是正」 - Reuters'], 'tech_score': 3.0, 'screener': {'source': 'yfinance', 'price': 4022.699951171875, 'SMA25': 4004.09, 'SMA75': 3985.48, 'RSI': 70.24, 'MACD': 8.86, 'MACD_signal': 8.05, 'Recommend': 'STRONG_SELL', 'symbol_used': 'GC=F', 'used_symbol': 'XAUUSD', 'exchange': 'yfinance', 'screener': 'yfinance'}}",GC=F,54,,False,,,False,,,
2025-11-06 12:28:03.065186,XAGUSD,WAIT,28.42,29.13,28.08,2.25,69.42,NEUTRAL,"{'timestamp': '2025-11-06T12:28:03.065186', 'symbol': 'XAGUSD', 'decision': 'WAIT', 'entry_price': 28.42, 'take_profit': 29.13, 'stop_loss': 28.08, 'side': 'HOLD', 'qty': 10, 'rating': 2.25, 'rating_adjustment': 0.0, 'news_refs': ['首相「デフレ脱却悲願」、安倍氏「2％インフレ目標で円高是正」 - Reuters'], 'tech_score': 3.0, 'screener': {'source': 'yfinance', 'price': 48.5, 'SMA25': 48.17, 'SMA75': 47.73, 'RSI': 69.42, 'MACD': 0.16, 'MACD_signal': 0.16, 'Recommend': 'NEUTRAL', 'symbol_used': 'SI=F', 'used_symbol': 'XAGUSD', 'exchange': 'yfinance', 'screener': 'yfinance'}}",SI=F,54,,False,,,False,,,
2025-11-06 12:28:07.421558,NGAS,WAIT,3.02,3.111,2.975,2.25,50.3,NEUTRAL,"{'timestamp': '2025-11-06T12:28:07.421558', 'symbol': 'NGAS', 'decision': 'WAIT', 'entry_price': 3.02, 'take_profit': 3.111, 'stop_loss': 2.975, 'side': 'HOLD', 'qty': 5, 'rating': 2.25, 'rating_adjustment': 0.0, 'news_refs': ['首相「デフレ脱却悲願」、安倍氏「2％インフレ目標で円高是正」 - Reuters'], 'tech_score': 3.0, 'screener': {'source': 'yfinance', 'price': 4.295000076293945, 'SMA25': 4.29, 'SMA75': 4.28, 'RSI': 50.3, 'MACD': 0.01, 'MACD_signal': 0.01, 'Recommend': 'NEUTRAL', 'symbol_used': 'NG=F', 'used_symbol': 'NGAS', 'exchange': 'yfinance', 'screener': 'yfinance'}}",NG=F,54,,False,,,False,,,
2025-11-06 12:28:12.247779,GER40,WAIT,18450.0,18782.0,18284.0,2.25,61.27,NEUTRAL,"{'timestamp': '2025-11-06T12:28:12.247779', 'symbol': 'GER40', 'decision': 'WAIT', 'entry_price': 18450.0, 'take_profit': 18782.0, 'stop_loss': 18284.0, 'side': 'HOLD', 'qty': 1, 'rating': 2.25, 'rating_adjustment': 0.0, 'news_refs': ['首相「デフレ脱却悲願」、安倍氏「2％インフレ目標で円高是正」 - Reuters'], 'tech_score': 3.0, 'screener': {'source': 'yfinance', 'price': 24016.189453125, 'SMA25': 23928.31, 'SMA75': 23970.82, 'RSI': 61.27, 'MACD': 34.67, 'MACD_signal': 29.96, 'Recommend': 'NEUTRAL', 'symbol_used': '^GDAXI', 'used_symbol': 'GER40', 'exchange': 'yfinance', 'screener': 'yfinance'}}",^GDAXI,23,,False,,,False,,,
